-- phpMyAdmin SQL Dump
-- version 5.2.1
-- https://www.phpmyadmin.net/
--
-- Host: localhost
-- Generation Time: Oct 29, 2024 at 04:32 PM
-- Server version: 10.4.28-MariaDB
-- PHP Version: 8.2.4

SET SQL_MODE = "NO_AUTO_VALUE_ON_ZERO";
START TRANSACTION;
SET time_zone = "+00:00";


/*!40101 SET @OLD_CHARACTER_SET_CLIENT=@@CHARACTER_SET_CLIENT */;
/*!40101 SET @OLD_CHARACTER_SET_RESULTS=@@CHARACTER_SET_RESULTS */;
/*!40101 SET @OLD_COLLATION_CONNECTION=@@COLLATION_CONNECTION */;
/*!40101 SET NAMES utf8mb4 */;

--
-- Database: `new_ssa_db`
--

-- --------------------------------------------------------

--
-- Table structure for table `admin_table`
--

CREATE TABLE `admin_table` (
  `username` varchar(128) NOT NULL,
  `password` varchar(255) NOT NULL,
  `adminID` int(11) NOT NULL
) ENGINE=InnoDB DEFAULT CHARSET=utf8mb4 COLLATE=utf8mb4_general_ci;

--
-- Dumping data for table `admin_table`
--

INSERT INTO `admin_table` (`username`, `password`, `adminID`) VALUES
('admin', 'b06f00aa67edc376f40c61fc641e218b', 1);

-- --------------------------------------------------------

--
-- Table structure for table `club`
--

CREATE TABLE `club` (
  `clubName` varchar(128) NOT NULL,
  `alberta` tinyint(1) DEFAULT NULL
) ENGINE=InnoDB DEFAULT CHARSET=utf8mb4 COLLATE=utf8mb4_general_ci;

--
-- Dumping data for table `club`
--

INSERT INTO `club` (`clubName`, `alberta`) VALUES
('Banff/Canmore', 1),
('Calgary Grizzlies Speed Skating Club', 1),
('Calgary Speed Skating Association', 1),
('Edmonton', 1),
('Lethbridge', 1),
('Medicine Hat', 1),
('Red Deer', 1),
('Saskatoon', 0);

-- --------------------------------------------------------

--
-- Table structure for table `comps`
--

CREATE TABLE `comps` (
  `compID` int(11) NOT NULL,
  `compName` varchar(128) NOT NULL,
  `season` int(128) NOT NULL,
  `location` varchar(128) NOT NULL,
  `series` tinyint(1) DEFAULT NULL
) ENGINE=InnoDB DEFAULT CHARSET=utf8mb4 COLLATE=utf8mb4_general_ci;

--
-- Dumping data for table `comps`
--

INSERT INTO `comps` (`compID`, `compName`, `season`, `location`, `series`) VALUES
(1, '2024 Lethbridge Bridge Bolt', 2025, 'Lethbridge', 1);

-- --------------------------------------------------------

--
-- Table structure for table `dates`
--

CREATE TABLE `dates` (
  `compID` int(11) NOT NULL,
  `dayID` int(11) NOT NULL,
  `date` date NOT NULL
) ENGINE=InnoDB DEFAULT CHARSET=utf8mb4 COLLATE=utf8mb4_general_ci;

--
-- Dumping data for table `dates`
--

INSERT INTO `dates` (`compID`, `dayID`, `date`) VALUES
(1, 1, '2024-10-26');

-- --------------------------------------------------------

--
-- Table structure for table `points`
--

CREATE TABLE `points` (
  `skaterID` int(11) NOT NULL,
  `compID` int(11) NOT NULL,
  `points` int(11) NOT NULL,
  `pointIndex` int(11) NOT NULL
) ENGINE=InnoDB DEFAULT CHARSET=utf8mb4 COLLATE=utf8mb4_general_ci;

--
-- Dumping data for table `points`
--

INSERT INTO `points` (`skaterID`, `compID`, `points`, `pointIndex`) VALUES
(1, 1, 3175, 1),
(2, 1, 3130, 2),
(3, 1, 2510, 3),
(4, 1, 2155, 4),
(5, 1, 2014, 5),
(6, 1, 1670, 6),
(7, 1, 1297, 7),
(8, 1, 947, 8),
(9, 1, 946, 9),
(10, 1, 829, 10),
(11, 1, 633, 11),
(12, 1, 492, 12),
(13, 1, 360, 13),
(14, 1, 283, 14),
(15, 1, 283, 15),
(16, 1, 2886, 16),
(17, 1, 2810, 17),
(18, 1, 2381, 18),
(19, 1, 2318, 19),
(20, 1, 2294, 20),
(21, 1, 2014, 21),
(22, 1, 1483, 22),
(23, 1, 892, 23),
(24, 1, 742, 24),
(25, 1, 737, 25),
(26, 1, 647, 26),
(27, 1, 578, 27),
(28, 1, 386, 28),
(29, 1, 328, 29),
(30, 1, 3298, 30),
(31, 1, 2925, 31),
(32, 1, 2902, 32),
(33, 1, 2404, 33),
(34, 1, 1629, 34),
(35, 1, 1601, 35),
(36, 1, 1428, 36),
(37, 1, 960, 37),
(38, 1, 772, 38),
(39, 1, 713, 39),
(40, 1, 616, 40),
(41, 1, 594, 41),
(42, 1, 358, 42),
(43, 1, 296, 43),
(44, 1, 171, 44),
(45, 1, 4000, 45),
(46, 1, 2593, 46),
(47, 1, 2591, 47),
(48, 1, 2195, 48),
(49, 1, 1891, 49),
(50, 1, 1554, 50),
(51, 1, 1381, 51),
(52, 1, 2802, 52),
(53, 1, 2777, 53),
(54, 1, 2450, 54),
(55, 1, 2405, 55),
(56, 1, 1817, 56),
(57, 1, 1544, 57),
(58, 1, 1511, 58),
(59, 1, 1095, 59),
(60, 1, 798, 60),
(61, 1, 760, 61),
(62, 1, 679, 62),
(63, 1, 653, 63),
(64, 1, 616, 64),
(65, 1, 349, 65),
(66, 1, 303, 66),
(67, 1, 245, 67),
(68, 1, 197, 68),
(69, 1, 172, 69),
(70, 1, 4000, 70),
(71, 1, 2810, 71),
(72, 1, 2441, 72),
(73, 1, 2095, 73),
(74, 1, 1781, 74),
(75, 1, 1676, 75),
(76, 1, 1194, 76),
(77, 1, 1040, 77),
(78, 1, 950, 78),
(79, 1, 715, 79),
(80, 1, 646, 80),
(81, 1, 372, 81),
(82, 1, 359, 82),
(83, 1, 304, 83),
(84, 1, 284, 84),
(85, 1, 224, 85),
(86, 1, 172, 86),
(87, 1, 145, 87);

-- --------------------------------------------------------

--
-- Table structure for table `results`
--

CREATE TABLE `results` (
  `compID` int(11) NOT NULL,
  `dayID` int(11) NOT NULL,
  `skaterID` int(11) NOT NULL,
  `dist` int(11) NOT NULL,
  `track` int(11) NOT NULL,
  `raceID` int(11) NOT NULL,
  `time` int(11) DEFAULT NULL,
  `disc` int(11) NOT NULL
) ENGINE=InnoDB DEFAULT CHARSET=utf8mb4 COLLATE=utf8mb4_general_ci;

--
-- Dumping data for table `results`
--

INSERT INTO `results` (`compID`, `dayID`, `skaterID`, `dist`, `track`, `raceID`, `time`, `disc`) VALUES
(1, 1, 1, 800, 100, 1, 102440, 1),
(1, 1, 1, 800, 100, 2, 100400, 1),
(1, 1, 1, 200, 100, 3, 25240, 1),
(1, 1, 1, 200, 100, 4, 25230, 1),
(1, 1, 1, 500, 100, 5, 58290, 1),
(1, 1, 1, 500, 100, 6, 58260, 1),
(1, 1, 1, 400, 100, 7, 47430, 1),
(1, 1, 1, 400, 100, 8, 46690, 1),
(1, 1, 2, 800, 100, 9, 97340, 1),
(1, 1, 2, 800, 100, 10, 96590, 1),
(1, 1, 2, 200, 100, 11, 23660, 1),
(1, 1, 2, 200, 100, 12, 23610, 1),
(1, 1, 2, 500, 100, 13, 65890, 1),
(1, 1, 2, 500, 100, 14, 57930, 1),
(1, 1, 2, 400, 100, 15, 46650, 1),
(1, 1, 2, 400, 100, 16, 46060, 1),
(1, 1, 3, 800, 100, 17, 102150, 1),
(1, 1, 3, 800, 100, 18, 102140, 1),
(1, 1, 3, 200, 100, 19, 24890, 1),
(1, 1, 3, 200, 100, 20, 24640, 1),
(1, 1, 3, 500, 100, 21, 61460, 1),
(1, 1, 3, 500, 100, 22, 60640, 1),
(1, 1, 3, 400, 100, 23, 48670, 1),
(1, 1, 3, 400, 100, 24, 49710, 1),
(1, 1, 4, 800, 100, 25, 118160, 1),
(1, 1, 4, 800, 100, 26, 104590, 1),
(1, 1, 4, 200, 100, 27, 25080, 1),
(1, 1, 4, 200, 100, 28, 24930, 1),
(1, 1, 4, 500, 100, 29, 60970, 1),
(1, 1, 4, 500, 100, 30, 60380, 1),
(1, 1, 4, 400, 100, 31, 48020, 1),
(1, 1, 4, 400, 100, 32, 52850, 1),
(1, 1, 5, 800, 100, 33, 101450, 1),
(1, 1, 5, 800, 100, 34, 101510, 1),
(1, 1, 5, 200, 100, 35, 26070, 1),
(1, 1, 5, 200, 100, 36, 25540, 1),
(1, 1, 5, 500, 100, 37, 61740, 1),
(1, 1, 5, 500, 100, 38, 61050, 1),
(1, 1, 5, 400, 100, 39, 48600, 1),
(1, 1, 5, 400, 100, 40, 56360, 1),
(1, 1, 6, 800, 100, 41, 101670, 1),
(1, 1, 6, 800, 100, 42, 110860, 1),
(1, 1, 6, 200, 100, 43, 25610, 1),
(1, 1, 6, 200, 100, 44, 25880, 1),
(1, 1, 6, 500, 100, 45, 62390, 1),
(1, 1, 6, 500, 100, 46, 61610, 1),
(1, 1, 6, 400, 100, 47, 50860, 1),
(1, 1, 6, 400, 100, 48, 51150, 1),
(1, 1, 7, 800, 100, 49, 103780, 1),
(1, 1, 7, 800, 100, 50, 0, 1),
(1, 1, 7, 200, 100, 51, 26850, 1),
(1, 1, 7, 200, 100, 52, 26230, 1),
(1, 1, 7, 500, 100, 53, 63190, 1),
(1, 1, 7, 500, 100, 54, 62870, 1),
(1, 1, 7, 400, 100, 55, 50740, 1),
(1, 1, 7, 400, 100, 56, 50520, 1),
(1, 1, 8, 800, 100, 57, 102670, 1),
(1, 1, 8, 800, 100, 58, 103460, 1),
(1, 1, 8, 200, 100, 59, 26110, 1),
(1, 1, 8, 200, 100, 60, 26540, 1),
(1, 1, 8, 500, 100, 61, 62740, 1),
(1, 1, 8, 500, 100, 62, 63060, 1),
(1, 1, 8, 400, 100, 63, 52780, 1),
(1, 1, 8, 400, 100, 64, 51290, 1),
(1, 1, 9, 800, 100, 65, 114500, 1),
(1, 1, 9, 800, 100, 66, 108350, 1),
(1, 1, 9, 200, 100, 67, 26260, 1),
(1, 1, 9, 200, 100, 68, 26280, 1),
(1, 1, 9, 500, 100, 69, 64690, 1),
(1, 1, 9, 500, 100, 70, 65070, 1),
(1, 1, 9, 400, 100, 71, 51400, 1),
(1, 1, 9, 400, 100, 72, 50960, 1),
(1, 1, 10, 800, 100, 73, 105530, 1),
(1, 1, 10, 800, 100, 74, 108130, 1),
(1, 1, 10, 200, 100, 75, 26610, 1),
(1, 1, 10, 200, 100, 76, 26850, 1),
(1, 1, 10, 500, 100, 77, 64110, 1),
(1, 1, 10, 500, 100, 78, 64920, 1),
(1, 1, 10, 400, 100, 79, 51520, 1),
(1, 1, 10, 400, 100, 80, 51730, 1),
(1, 1, 11, 800, 100, 81, 111860, 1),
(1, 1, 11, 800, 100, 82, 109670, 1),
(1, 1, 11, 200, 100, 83, 26850, 1),
(1, 1, 11, 200, 100, 84, 26720, 1),
(1, 1, 11, 500, 100, 85, 64660, 1),
(1, 1, 11, 500, 100, 86, 64530, 1),
(1, 1, 11, 400, 100, 87, 52580, 1),
(1, 1, 11, 400, 100, 88, 51830, 1),
(1, 1, 12, 800, 100, 89, 105910, 1),
(1, 1, 12, 800, 100, 90, 0, 1),
(1, 1, 12, 200, 100, 91, 27220, 1),
(1, 1, 12, 200, 100, 92, 27070, 1),
(1, 1, 12, 500, 100, 93, 67670, 1),
(1, 1, 12, 500, 100, 94, 62270, 1),
(1, 1, 12, 400, 100, 95, 52280, 1),
(1, 1, 12, 400, 100, 96, 50840, 1),
(1, 1, 13, 800, 100, 97, 119360, 1),
(1, 1, 13, 800, 100, 98, 123330, 1),
(1, 1, 13, 200, 100, 99, 26810, 1),
(1, 1, 13, 200, 100, 100, 28350, 1),
(1, 1, 13, 500, 100, 101, 64860, 1),
(1, 1, 13, 500, 100, 102, 63660, 1),
(1, 1, 13, 400, 100, 103, 55070, 1),
(1, 1, 13, 400, 100, 104, 65580, 1),
(1, 1, 14, 800, 100, 105, 118440, 1),
(1, 1, 14, 800, 100, 106, 114510, 1),
(1, 1, 14, 200, 100, 107, 27720, 1),
(1, 1, 14, 200, 100, 108, 35100, 1),
(1, 1, 14, 500, 100, 109, 67430, 1),
(1, 1, 14, 500, 100, 110, 66750, 1),
(1, 1, 14, 400, 100, 111, 0, 1),
(1, 1, 14, 400, 100, 112, 56510, 1),
(1, 1, 15, 800, 100, 113, 109730, 1),
(1, 1, 15, 800, 100, 114, 118000, 1),
(1, 1, 15, 200, 100, 115, 27640, 1),
(1, 1, 15, 200, 100, 116, 27430, 1),
(1, 1, 15, 500, 100, 117, 68080, 1),
(1, 1, 15, 500, 100, 118, 66910, 1),
(1, 1, 15, 400, 100, 119, 54010, 1),
(1, 1, 15, 400, 100, 120, 52730, 1),
(1, 1, 16, 800, 100, 121, 117500, 1),
(1, 1, 16, 800, 100, 122, 116050, 1),
(1, 1, 16, 200, 100, 123, 28690, 1),
(1, 1, 16, 200, 100, 124, 36430, 1),
(1, 1, 16, 500, 100, 125, 70110, 1),
(1, 1, 16, 500, 100, 126, 76880, 1),
(1, 1, 16, 400, 100, 127, 55840, 1),
(1, 1, 16, 400, 100, 128, 55650, 1),
(1, 1, 17, 800, 100, 129, 120570, 1),
(1, 1, 17, 800, 100, 130, 116540, 1),
(1, 1, 17, 200, 100, 131, 27850, 1),
(1, 1, 17, 200, 100, 132, 28580, 1),
(1, 1, 17, 500, 100, 133, 73890, 1),
(1, 1, 17, 500, 100, 134, 69690, 1),
(1, 1, 17, 400, 100, 135, 55800, 1),
(1, 1, 17, 400, 100, 136, 55670, 1),
(1, 1, 18, 800, 100, 137, 121430, 1),
(1, 1, 18, 800, 100, 138, 117250, 1),
(1, 1, 18, 200, 100, 139, 28770, 1),
(1, 1, 18, 200, 100, 140, 29860, 1),
(1, 1, 18, 500, 100, 141, 69220, 1),
(1, 1, 18, 500, 100, 142, 68420, 1),
(1, 1, 18, 400, 100, 143, 56740, 1),
(1, 1, 18, 400, 100, 144, 56840, 1),
(1, 1, 19, 800, 100, 145, 119210, 1),
(1, 1, 19, 800, 100, 146, 117050, 1),
(1, 1, 19, 200, 100, 147, 28580, 1),
(1, 1, 19, 200, 100, 148, 29020, 1),
(1, 1, 19, 500, 100, 149, 72110, 1),
(1, 1, 19, 500, 100, 150, 71250, 1),
(1, 1, 19, 400, 100, 151, 56740, 1),
(1, 1, 19, 400, 100, 152, 57600, 1),
(1, 1, 20, 800, 100, 153, 122460, 1),
(1, 1, 20, 800, 100, 154, 119120, 1),
(1, 1, 20, 200, 100, 155, 28550, 1),
(1, 1, 20, 200, 100, 156, 28360, 1),
(1, 1, 20, 500, 100, 157, 71260, 1),
(1, 1, 20, 500, 100, 158, 70380, 1),
(1, 1, 20, 400, 100, 159, 0, 1),
(1, 1, 20, 400, 100, 160, 58440, 1),
(1, 1, 21, 800, 100, 161, 121620, 1),
(1, 1, 21, 800, 100, 162, 0, 1),
(1, 1, 21, 200, 100, 163, 28600, 1),
(1, 1, 21, 200, 100, 164, 29520, 1),
(1, 1, 21, 500, 100, 165, 72500, 1),
(1, 1, 21, 500, 100, 166, 70740, 1),
(1, 1, 21, 400, 100, 167, 54980, 1),
(1, 1, 21, 400, 100, 168, 72830, 1),
(1, 1, 22, 800, 100, 169, 123100, 1),
(1, 1, 22, 800, 100, 170, 119420, 1),
(1, 1, 22, 200, 100, 171, 28960, 1),
(1, 1, 22, 200, 100, 172, 28830, 1),
(1, 1, 22, 500, 100, 173, 76070, 1),
(1, 1, 22, 500, 100, 174, 75330, 1),
(1, 1, 22, 400, 100, 175, 56150, 1),
(1, 1, 22, 400, 100, 176, 55840, 1),
(1, 1, 23, 800, 100, 177, 124680, 1),
(1, 1, 23, 800, 100, 178, 124750, 1),
(1, 1, 23, 200, 100, 179, 31500, 1),
(1, 1, 23, 200, 100, 180, 31920, 1),
(1, 1, 23, 500, 100, 181, 72840, 1),
(1, 1, 23, 500, 100, 182, 72810, 1),
(1, 1, 23, 400, 100, 183, 57610, 1),
(1, 1, 23, 400, 100, 184, 59560, 1),
(1, 1, 24, 800, 100, 185, 126320, 1),
(1, 1, 24, 800, 100, 186, 128590, 1),
(1, 1, 24, 200, 100, 187, 29800, 1),
(1, 1, 24, 200, 100, 188, 31210, 1),
(1, 1, 24, 500, 100, 189, 75150, 1),
(1, 1, 24, 500, 100, 190, 74380, 1),
(1, 1, 24, 400, 100, 191, 60340, 1),
(1, 1, 24, 400, 100, 192, 61160, 1),
(1, 1, 25, 800, 100, 193, 135330, 1),
(1, 1, 25, 800, 100, 194, 132070, 1),
(1, 1, 25, 200, 100, 195, 31470, 1),
(1, 1, 25, 200, 100, 196, 31310, 1),
(1, 1, 25, 500, 100, 197, 74800, 1),
(1, 1, 25, 500, 100, 198, 74460, 1),
(1, 1, 25, 400, 100, 199, 59900, 1),
(1, 1, 25, 400, 100, 200, 59430, 1),
(1, 1, 26, 800, 100, 201, 129140, 1),
(1, 1, 26, 800, 100, 202, 123640, 1),
(1, 1, 26, 200, 100, 203, 38890, 1),
(1, 1, 26, 200, 100, 204, 32250, 1),
(1, 1, 26, 500, 100, 205, 80230, 1),
(1, 1, 26, 500, 100, 206, 76780, 1),
(1, 1, 26, 400, 100, 207, 60140, 1),
(1, 1, 26, 400, 100, 208, 61010, 1),
(1, 1, 27, 800, 100, 209, 126550, 1),
(1, 1, 27, 800, 100, 210, 140710, 1),
(1, 1, 27, 200, 100, 211, 30870, 1),
(1, 1, 27, 200, 100, 212, 31470, 1),
(1, 1, 27, 500, 100, 213, 82850, 1),
(1, 1, 27, 500, 100, 214, 78160, 1),
(1, 1, 27, 400, 100, 215, 60740, 1),
(1, 1, 27, 400, 100, 216, 60630, 1),
(1, 1, 28, 800, 100, 217, 128840, 1),
(1, 1, 28, 800, 100, 218, 137500, 1),
(1, 1, 28, 200, 100, 219, 37230, 1),
(1, 1, 28, 200, 100, 220, 39360, 1),
(1, 1, 28, 500, 100, 221, 79460, 1),
(1, 1, 28, 500, 100, 222, 90830, 1),
(1, 1, 28, 400, 100, 223, 67070, 1),
(1, 1, 28, 400, 100, 224, 62190, 1),
(1, 1, 29, 800, 100, 225, 130330, 1),
(1, 1, 29, 800, 100, 226, 133240, 1),
(1, 1, 29, 200, 100, 227, 30950, 1),
(1, 1, 29, 200, 100, 228, 37230, 1),
(1, 1, 29, 500, 100, 229, 79680, 1),
(1, 1, 29, 500, 100, 230, 80980, 1),
(1, 1, 29, 400, 100, 231, 63720, 1),
(1, 1, 29, 400, 100, 232, 63460, 1),
(1, 1, 30, 300, 100, 233, 47360, 1),
(1, 1, 30, 300, 100, 234, 52900, 1),
(1, 1, 30, 200, 100, 235, 33700, 1),
(1, 1, 30, 200, 100, 236, 32500, 1),
(1, 1, 30, 100, 100, 237, 17680, 1),
(1, 1, 30, 100, 100, 238, 17370, 1),
(1, 1, 30, 400, 100, 239, 65860, 1),
(1, 1, 30, 400, 100, 240, 62020, 1),
(1, 1, 31, 300, 100, 241, 52390, 1),
(1, 1, 31, 300, 100, 242, 49860, 1),
(1, 1, 31, 200, 100, 243, 3400, 1),
(1, 1, 31, 200, 100, 244, 45700, 1),
(1, 1, 31, 100, 100, 245, 17080, 1),
(1, 1, 31, 100, 100, 246, 17090, 1),
(1, 1, 31, 400, 100, 247, 70290, 1),
(1, 1, 31, 400, 100, 248, 65930, 1),
(1, 1, 32, 300, 100, 249, 52290, 1),
(1, 1, 32, 300, 100, 250, 49230, 1),
(1, 1, 32, 200, 100, 251, 34370, 1),
(1, 1, 32, 200, 100, 252, 33890, 1),
(1, 1, 32, 100, 100, 253, 17300, 1),
(1, 1, 32, 100, 100, 254, 17730, 1),
(1, 1, 32, 400, 100, 255, 64500, 1),
(1, 1, 32, 400, 100, 256, 64460, 1),
(1, 1, 33, 300, 100, 257, 55520, 1),
(1, 1, 33, 300, 100, 258, 54540, 1),
(1, 1, 33, 200, 100, 259, 32920, 1),
(1, 1, 33, 200, 100, 260, 32050, 1),
(1, 1, 33, 100, 100, 261, 18010, 1),
(1, 1, 33, 100, 100, 262, 17520, 1),
(1, 1, 33, 400, 100, 263, 63880, 1),
(1, 1, 33, 400, 100, 264, 77010, 1),
(1, 1, 34, 300, 100, 265, 58770, 1),
(1, 1, 34, 300, 100, 266, 54340, 1),
(1, 1, 34, 200, 100, 267, 34480, 1),
(1, 1, 34, 200, 100, 268, 34470, 1),
(1, 1, 34, 100, 100, 269, 18320, 1),
(1, 1, 34, 100, 100, 270, 17610, 1),
(1, 1, 34, 400, 100, 271, 68780, 1),
(1, 1, 34, 400, 100, 272, 67840, 1),
(1, 1, 35, 300, 100, 273, 60180, 1),
(1, 1, 35, 300, 100, 274, 54710, 1),
(1, 1, 35, 200, 100, 275, 34680, 1),
(1, 1, 35, 200, 100, 276, 33230, 1),
(1, 1, 35, 100, 100, 277, 18040, 1),
(1, 1, 35, 100, 100, 278, 19600, 1),
(1, 1, 35, 400, 100, 279, 71510, 1),
(1, 1, 35, 400, 100, 280, 65520, 1),
(1, 1, 36, 300, 100, 281, 53330, 1),
(1, 1, 36, 300, 100, 282, 53440, 1),
(1, 1, 36, 200, 100, 283, 37130, 1),
(1, 1, 36, 200, 100, 284, 38280, 1),
(1, 1, 36, 100, 100, 285, 19520, 1),
(1, 1, 36, 100, 100, 286, 18420, 1),
(1, 1, 36, 400, 100, 287, 76130, 1),
(1, 1, 36, 400, 100, 288, 75020, 1),
(1, 1, 37, 300, 100, 289, 55490, 1),
(1, 1, 37, 300, 100, 290, 56400, 1),
(1, 1, 37, 200, 100, 291, 39970, 1),
(1, 1, 37, 200, 100, 292, 39130, 1),
(1, 1, 37, 100, 100, 293, 21420, 1),
(1, 1, 37, 100, 100, 294, 21230, 1),
(1, 1, 37, 400, 100, 295, 81040, 1),
(1, 1, 37, 400, 100, 296, 80540, 1),
(1, 1, 38, 300, 100, 297, 59980, 1),
(1, 1, 38, 300, 100, 298, 57940, 1),
(1, 1, 38, 200, 100, 299, 37990, 1),
(1, 1, 38, 200, 100, 300, 42790, 1),
(1, 1, 38, 100, 100, 301, 20070, 1),
(1, 1, 38, 100, 100, 302, 19940, 1),
(1, 1, 38, 400, 100, 303, 89790, 1),
(1, 1, 38, 400, 100, 304, 75070, 1),
(1, 1, 39, 300, 100, 305, 57920, 1),
(1, 1, 39, 300, 100, 306, 61630, 1),
(1, 1, 39, 200, 100, 307, 38470, 1),
(1, 1, 39, 200, 100, 308, 41470, 1),
(1, 1, 39, 100, 100, 309, 21600, 1),
(1, 1, 39, 100, 100, 310, 20780, 1),
(1, 1, 39, 400, 100, 311, 82760, 1),
(1, 1, 39, 400, 100, 312, 76290, 1),
(1, 1, 40, 300, 100, 313, 63560, 1),
(1, 1, 40, 300, 100, 314, 59940, 1),
(1, 1, 40, 200, 100, 315, 41170, 1),
(1, 1, 40, 200, 100, 316, 41000, 1),
(1, 1, 40, 100, 100, 317, 21740, 1),
(1, 1, 40, 100, 100, 318, 20300, 1),
(1, 1, 40, 400, 100, 319, 79940, 1),
(1, 1, 40, 400, 100, 320, 94900, 1),
(1, 1, 41, 300, 100, 321, 64470, 1),
(1, 1, 41, 300, 100, 322, 63720, 1),
(1, 1, 41, 200, 100, 323, 46730, 1),
(1, 1, 41, 200, 100, 324, 43280, 1),
(1, 1, 41, 100, 100, 325, 20710, 1),
(1, 1, 41, 100, 100, 326, 20580, 1),
(1, 1, 41, 400, 100, 327, 79530, 1),
(1, 1, 41, 400, 100, 328, 76570, 1),
(1, 1, 42, 300, 100, 329, 71380, 1),
(1, 1, 42, 300, 100, 330, 67880, 1),
(1, 1, 42, 200, 100, 331, 54170, 1),
(1, 1, 42, 200, 100, 332, 43050, 1),
(1, 1, 42, 100, 100, 333, 21400, 1),
(1, 1, 42, 100, 100, 334, 25080, 1),
(1, 1, 42, 400, 100, 335, 85360, 1),
(1, 1, 42, 400, 100, 336, 87750, 1),
(1, 1, 43, 300, 100, 337, 78620, 1),
(1, 1, 43, 300, 100, 338, 83340, 1),
(1, 1, 43, 200, 100, 339, 54830, 1),
(1, 1, 43, 200, 100, 340, 51290, 1),
(1, 1, 43, 100, 100, 341, 23490, 1),
(1, 1, 43, 100, 100, 342, 24550, 1),
(1, 1, 43, 400, 100, 343, 102640, 1),
(1, 1, 43, 400, 100, 344, 103200, 1),
(1, 1, 44, 300, 100, 345, 102460, 1),
(1, 1, 44, 300, 100, 346, 93790, 1),
(1, 1, 44, 200, 100, 347, 60350, 1),
(1, 1, 44, 200, 100, 348, 0, 1),
(1, 1, 44, 100, 100, 349, 36650, 1),
(1, 1, 44, 100, 100, 350, 0, 1),
(1, 1, 45, 1500, 111, 351, 175610, 1),
(1, 1, 45, 1500, 111, 352, 163600, 1),
(1, 1, 45, 500, 111, 353, 51280, 1),
(1, 1, 45, 500, 111, 354, 49760, 1),
(1, 1, 45, 500, 111, 355, 49580, 1),
(1, 1, 45, 500, 111, 356, 50220, 1),
(1, 1, 45, 1000, 111, 357, 120710, 1),
(1, 1, 45, 1000, 111, 358, 109300, 1),
(1, 1, 46, 1500, 111, 359, 203060, 1),
(1, 1, 46, 1500, 111, 360, 163840, 1),
(1, 1, 46, 500, 111, 361, 50500, 1),
(1, 1, 46, 500, 111, 362, 50370, 1),
(1, 1, 46, 500, 111, 363, 73600, 1),
(1, 1, 46, 500, 111, 364, 0, 1),
(1, 1, 46, 1000, 111, 365, 124630, 1),
(1, 1, 46, 1000, 111, 366, 110220, 1),
(1, 1, 47, 1500, 111, 367, 194270, 1),
(1, 1, 47, 1500, 111, 368, 166190, 1),
(1, 1, 47, 500, 111, 369, 53770, 1),
(1, 1, 47, 500, 111, 370, 61270, 1),
(1, 1, 47, 500, 111, 371, 50800, 1),
(1, 1, 47, 500, 111, 372, 50880, 1),
(1, 1, 47, 1000, 111, 373, 114660, 1),
(1, 1, 47, 1000, 111, 374, 113780, 1),
(1, 1, 48, 1500, 111, 375, 189840, 1),
(1, 1, 48, 1500, 111, 376, 175680, 1),
(1, 1, 48, 500, 111, 377, 54090, 1),
(1, 1, 48, 500, 111, 378, 54940, 1),
(1, 1, 48, 500, 111, 379, 53120, 1),
(1, 1, 48, 500, 111, 380, 53640, 1),
(1, 1, 48, 1000, 111, 381, 115910, 1),
(1, 1, 48, 1000, 111, 382, 117700, 1),
(1, 1, 49, 1500, 111, 383, 194010, 1),
(1, 1, 49, 1500, 111, 384, 174580, 1),
(1, 1, 49, 500, 111, 385, 57160, 1),
(1, 1, 49, 500, 111, 386, 58610, 1),
(1, 1, 49, 500, 111, 387, 59430, 1),
(1, 1, 49, 500, 111, 388, 57450, 1),
(1, 1, 49, 1000, 111, 389, 119430, 1),
(1, 1, 49, 1000, 111, 390, 121620, 1),
(1, 1, 50, 1500, 111, 391, 175280, 1),
(1, 1, 50, 1500, 111, 392, 0, 1),
(1, 1, 50, 500, 111, 393, 51490, 1),
(1, 1, 50, 500, 111, 394, 50120, 1),
(1, 1, 50, 500, 111, 395, 50290, 1),
(1, 1, 50, 500, 111, 396, 0, 1),
(1, 1, 50, 1000, 111, 397, 0, 1),
(1, 1, 51, 1500, 111, 398, 216670, 1),
(1, 1, 51, 1500, 111, 399, 198020, 1),
(1, 1, 51, 500, 111, 400, 63400, 1),
(1, 1, 51, 500, 111, 401, 64150, 1),
(1, 1, 51, 500, 111, 402, 63460, 1),
(1, 1, 51, 500, 111, 403, 63910, 1),
(1, 1, 51, 1000, 111, 404, 134860, 1),
(1, 1, 51, 1000, 111, 405, 128040, 1),
(1, 1, 52, 1500, 100, 406, 178810, 1),
(1, 1, 52, 1500, 100, 407, 171780, 1),
(1, 1, 52, 400, 100, 408, 43180, 1),
(1, 1, 52, 400, 100, 409, 42330, 1),
(1, 1, 52, 400, 100, 410, 42070, 1),
(1, 1, 52, 800, 100, 411, 84750, 1),
(1, 1, 52, 800, 100, 412, 83970, 1),
(1, 1, 52, 800, 100, 413, 0, 1),
(1, 1, 52, 1000, 100, 414, 118940, 1),
(1, 1, 53, 1500, 100, 415, 177350, 1),
(1, 1, 53, 1500, 100, 416, 170940, 1),
(1, 1, 53, 400, 100, 417, 41790, 1),
(1, 1, 53, 400, 100, 418, 41960, 1),
(1, 1, 53, 400, 100, 419, 41420, 1),
(1, 1, 53, 800, 100, 420, 86570, 1),
(1, 1, 53, 800, 100, 421, 85090, 1),
(1, 1, 53, 800, 100, 422, 95160, 1),
(1, 1, 53, 1000, 100, 423, 135320, 1),
(1, 1, 54, 1500, 100, 424, 173030, 1),
(1, 1, 54, 1500, 100, 425, 171950, 1),
(1, 1, 54, 400, 100, 426, 42080, 1),
(1, 1, 54, 400, 100, 427, 41750, 1),
(1, 1, 54, 400, 100, 428, 41290, 1),
(1, 1, 54, 800, 100, 429, 86280, 1),
(1, 1, 54, 800, 100, 430, 83660, 1),
(1, 1, 54, 800, 100, 431, 114490, 1),
(1, 1, 54, 1000, 100, 432, 0, 1),
(1, 1, 55, 1500, 100, 433, 174200, 1),
(1, 1, 55, 1500, 100, 434, 172810, 1),
(1, 1, 55, 400, 100, 435, 55690, 1),
(1, 1, 55, 400, 100, 436, 57310, 1),
(1, 1, 55, 400, 100, 437, 44850, 1),
(1, 1, 55, 800, 100, 438, 85350, 1),
(1, 1, 55, 800, 100, 439, 84140, 1),
(1, 1, 55, 800, 100, 440, 85940, 1),
(1, 1, 55, 1000, 100, 441, 119290, 1),
(1, 1, 56, 1500, 100, 442, 182790, 1),
(1, 1, 56, 1500, 100, 443, 173850, 1),
(1, 1, 56, 400, 100, 444, 42540, 1),
(1, 1, 56, 400, 100, 445, 42630, 1),
(1, 1, 56, 400, 100, 446, 42390, 1),
(1, 1, 56, 800, 100, 447, 87460, 1),
(1, 1, 56, 800, 100, 448, 85140, 1),
(1, 1, 56, 800, 100, 449, 91630, 1),
(1, 1, 56, 1000, 100, 450, 126510, 1),
(1, 1, 57, 1500, 100, 451, 192550, 1),
(1, 1, 57, 1500, 100, 452, 181670, 1),
(1, 1, 57, 400, 100, 453, 42220, 1),
(1, 1, 57, 400, 100, 454, 42390, 1),
(1, 1, 57, 400, 100, 455, 41760, 1),
(1, 1, 57, 800, 100, 456, 87140, 1),
(1, 1, 57, 800, 100, 457, 112510, 1),
(1, 1, 57, 800, 100, 458, 88080, 1),
(1, 1, 57, 1000, 100, 459, 120280, 1),
(1, 1, 58, 1500, 100, 460, 173380, 1),
(1, 1, 58, 1500, 100, 461, 177160, 1),
(1, 1, 58, 400, 100, 462, 53690, 1),
(1, 1, 58, 400, 100, 463, 0, 1),
(1, 1, 58, 400, 100, 464, 44940, 1),
(1, 1, 58, 800, 100, 465, 86690, 1),
(1, 1, 58, 800, 100, 466, 85380, 1),
(1, 1, 58, 800, 100, 467, 86880, 1),
(1, 1, 58, 1000, 100, 468, 119770, 1),
(1, 1, 59, 1500, 100, 469, 175210, 1),
(1, 1, 59, 1500, 100, 470, 183620, 1),
(1, 1, 59, 400, 100, 471, 44570, 1),
(1, 1, 59, 400, 100, 472, 44710, 1),
(1, 1, 59, 400, 100, 473, 44580, 1),
(1, 1, 59, 800, 100, 474, 91310, 1),
(1, 1, 59, 800, 100, 475, 90230, 1),
(1, 1, 59, 800, 100, 476, 90190, 1),
(1, 1, 59, 1000, 100, 477, 124220, 1),
(1, 1, 60, 1500, 100, 478, 179660, 1),
(1, 1, 60, 1500, 100, 479, 176310, 1),
(1, 1, 60, 400, 100, 480, 44670, 1),
(1, 1, 60, 400, 100, 481, 43840, 1),
(1, 1, 60, 400, 100, 482, 44240, 1),
(1, 1, 60, 800, 100, 483, 89990, 1),
(1, 1, 60, 800, 100, 484, 95100, 1),
(1, 1, 60, 800, 100, 485, 96640, 1),
(1, 1, 60, 1000, 100, 486, 114330, 1),
(1, 1, 61, 1500, 100, 487, 174500, 1),
(1, 1, 61, 1500, 100, 488, 181280, 1),
(1, 1, 61, 400, 100, 489, 45330, 1),
(1, 1, 61, 400, 100, 490, 44680, 1),
(1, 1, 61, 400, 100, 491, 44750, 1),
(1, 1, 61, 800, 100, 492, 90530, 1),
(1, 1, 61, 800, 100, 493, 91820, 1),
(1, 1, 61, 800, 100, 494, 90600, 1),
(1, 1, 61, 1000, 100, 495, 114660, 1),
(1, 1, 62, 1500, 100, 496, 185940, 1),
(1, 1, 62, 1500, 100, 497, 177790, 1),
(1, 1, 62, 400, 100, 498, 44140, 1),
(1, 1, 62, 400, 100, 499, 44800, 1),
(1, 1, 62, 400, 100, 500, 44380, 1),
(1, 1, 62, 800, 100, 501, 89640, 1),
(1, 1, 62, 800, 100, 502, 91670, 1),
(1, 1, 62, 800, 100, 503, 89630, 1),
(1, 1, 62, 1000, 100, 504, 114940, 1),
(1, 1, 63, 1500, 100, 505, 182600, 1),
(1, 1, 63, 1500, 100, 506, 173550, 1),
(1, 1, 63, 400, 100, 507, 42840, 1),
(1, 1, 63, 400, 100, 508, 44940, 1),
(1, 1, 63, 400, 100, 509, 44840, 1),
(1, 1, 63, 800, 100, 510, 94880, 1),
(1, 1, 63, 800, 100, 511, 90510, 1),
(1, 1, 63, 800, 100, 512, 88590, 1),
(1, 1, 63, 1000, 100, 513, 114030, 1),
(1, 1, 64, 1500, 100, 514, 179630, 1),
(1, 1, 64, 1500, 100, 515, 175510, 1),
(1, 1, 64, 400, 100, 516, 45140, 1),
(1, 1, 64, 400, 100, 517, 44350, 1),
(1, 1, 64, 400, 100, 518, 44370, 1),
(1, 1, 64, 800, 100, 519, 89780, 1),
(1, 1, 64, 800, 100, 520, 89180, 1),
(1, 1, 64, 800, 100, 521, 89970, 1),
(1, 1, 64, 1000, 100, 522, 114460, 1),
(1, 1, 65, 1500, 100, 523, 178330, 1),
(1, 1, 65, 1500, 100, 524, 176530, 1),
(1, 1, 65, 400, 100, 525, 44920, 1),
(1, 1, 65, 400, 100, 526, 45060, 1),
(1, 1, 65, 400, 100, 527, 44900, 1),
(1, 1, 65, 800, 100, 528, 90930, 1),
(1, 1, 65, 800, 100, 529, 90980, 1),
(1, 1, 65, 800, 100, 530, 90350, 1),
(1, 1, 65, 1000, 100, 531, 115590, 1),
(1, 1, 66, 1500, 100, 532, 175410, 1),
(1, 1, 66, 1500, 100, 533, 175640, 1),
(1, 1, 66, 400, 100, 534, 45370, 1),
(1, 1, 66, 400, 100, 535, 44620, 1),
(1, 1, 66, 400, 100, 536, 44590, 1),
(1, 1, 66, 800, 100, 537, 89930, 1),
(1, 1, 66, 800, 100, 538, 90830, 1),
(1, 1, 66, 800, 100, 539, 0, 1),
(1, 1, 67, 1500, 100, 540, 180490, 1),
(1, 1, 67, 1500, 100, 541, 177920, 1),
(1, 1, 67, 400, 100, 542, 45650, 1),
(1, 1, 67, 400, 100, 543, 46120, 1),
(1, 1, 67, 400, 100, 544, 45930, 1),
(1, 1, 67, 800, 100, 545, 90920, 1),
(1, 1, 67, 800, 100, 546, 90630, 1),
(1, 1, 67, 800, 100, 547, 91900, 1),
(1, 1, 67, 1000, 100, 548, 115160, 1),
(1, 1, 68, 1500, 100, 549, 184310, 1),
(1, 1, 68, 1500, 100, 550, 179920, 1),
(1, 1, 68, 400, 100, 551, 45090, 1),
(1, 1, 68, 400, 100, 552, 46230, 1),
(1, 1, 68, 400, 100, 553, 45580, 1),
(1, 1, 68, 800, 100, 554, 97210, 1),
(1, 1, 68, 800, 100, 555, 94340, 1),
(1, 1, 68, 800, 100, 556, 94540, 1),
(1, 1, 68, 1000, 100, 557, 119380, 1),
(1, 1, 69, 1500, 100, 558, 191430, 1),
(1, 1, 69, 1500, 100, 559, 183030, 1),
(1, 1, 69, 400, 100, 560, 51780, 1),
(1, 1, 69, 400, 100, 561, 45630, 1),
(1, 1, 69, 400, 100, 562, 45850, 1),
(1, 1, 69, 800, 100, 563, 90320, 1),
(1, 1, 69, 800, 100, 564, 92420, 1),
(1, 1, 69, 800, 100, 565, 90920, 1),
(1, 1, 69, 1000, 100, 566, 116300, 1),
(1, 1, 70, 1500, 100, 567, 181560, 1),
(1, 1, 70, 1500, 100, 568, 181250, 1),
(1, 1, 70, 400, 100, 569, 45450, 1),
(1, 1, 70, 400, 100, 570, 45700, 1),
(1, 1, 70, 400, 100, 571, 44930, 1),
(1, 1, 70, 800, 100, 572, 93070, 1),
(1, 1, 70, 800, 100, 573, 91080, 1),
(1, 1, 70, 800, 100, 574, 90430, 1),
(1, 1, 70, 1000, 100, 575, 115030, 1),
(1, 1, 71, 1500, 100, 576, 197790, 1),
(1, 1, 71, 1500, 100, 577, 184380, 1),
(1, 1, 71, 400, 100, 578, 47250, 1),
(1, 1, 71, 400, 100, 579, 46220, 1),
(1, 1, 71, 400, 100, 580, 45850, 1),
(1, 1, 71, 800, 100, 581, 3355550, 1),
(1, 1, 71, 800, 100, 582, 112460, 1),
(1, 1, 71, 800, 100, 583, 97930, 1),
(1, 1, 71, 1000, 100, 584, 117460, 1),
(1, 1, 72, 1500, 100, 585, 189840, 1),
(1, 1, 72, 1500, 100, 586, 186380, 1),
(1, 1, 72, 400, 100, 587, 46430, 1),
(1, 1, 72, 400, 100, 588, 46630, 1),
(1, 1, 72, 400, 100, 589, 46780, 1),
(1, 1, 72, 800, 100, 590, 95290, 1),
(1, 1, 72, 800, 100, 591, 92300, 1),
(1, 1, 72, 800, 100, 592, 96820, 1),
(1, 1, 72, 1000, 100, 593, 121330, 1),
(1, 1, 73, 1500, 100, 594, 194310, 1),
(1, 1, 73, 1500, 100, 595, 187580, 1),
(1, 1, 73, 400, 100, 596, 47530, 1),
(1, 1, 73, 400, 100, 597, 46970, 1),
(1, 1, 73, 400, 100, 598, 47650, 1),
(1, 1, 73, 800, 100, 599, 99180, 1),
(1, 1, 73, 800, 100, 600, 95600, 1),
(1, 1, 73, 800, 100, 601, 93790, 1),
(1, 1, 73, 1000, 100, 602, 122420, 1),
(1, 1, 74, 1500, 100, 603, 201910, 1),
(1, 1, 74, 1500, 100, 604, 188670, 1),
(1, 1, 74, 400, 100, 605, 45850, 1),
(1, 1, 74, 400, 100, 606, 62620, 1),
(1, 1, 74, 400, 100, 607, 47610, 1),
(1, 1, 74, 800, 100, 608, 3355550, 1),
(1, 1, 74, 800, 100, 609, 91600, 1),
(1, 1, 74, 800, 100, 610, 91790, 1),
(1, 1, 74, 1000, 100, 611, 124890, 1),
(1, 1, 75, 1500, 100, 612, 195270, 1),
(1, 1, 75, 1500, 100, 613, 186670, 1),
(1, 1, 75, 400, 100, 614, 48650, 1),
(1, 1, 75, 400, 100, 615, 50010, 1),
(1, 1, 75, 400, 100, 616, 47790, 1),
(1, 1, 75, 800, 100, 617, 103990, 1),
(1, 1, 75, 800, 100, 618, 0, 1),
(1, 1, 75, 800, 100, 619, 98340, 1),
(1, 1, 75, 1000, 100, 620, 122140, 1),
(1, 1, 76, 1500, 100, 621, 210420, 1),
(1, 1, 76, 1500, 100, 622, 191580, 1),
(1, 1, 76, 400, 100, 623, 46180, 1),
(1, 1, 76, 400, 100, 624, 57590, 1),
(1, 1, 76, 400, 100, 625, 48710, 1),
(1, 1, 76, 800, 100, 626, 95070, 1),
(1, 1, 76, 800, 100, 627, 95430, 1),
(1, 1, 76, 800, 100, 628, 96630, 1),
(1, 1, 76, 1000, 100, 629, 128130, 1),
(1, 1, 77, 1500, 100, 630, 196360, 1),
(1, 1, 77, 1500, 100, 631, 187990, 1),
(1, 1, 77, 400, 100, 632, 47720, 1),
(1, 1, 77, 400, 100, 633, 49170, 1),
(1, 1, 77, 400, 100, 634, 48410, 1),
(1, 1, 77, 800, 100, 635, 97600, 1),
(1, 1, 77, 800, 100, 636, 100610, 1),
(1, 1, 77, 800, 100, 637, 102410, 1),
(1, 1, 77, 1000, 100, 638, 142760, 1),
(1, 1, 78, 1500, 100, 639, 200290, 1),
(1, 1, 78, 1500, 100, 640, 211320, 1),
(1, 1, 78, 400, 100, 641, 48380, 1),
(1, 1, 78, 400, 100, 642, 48030, 1),
(1, 1, 78, 400, 100, 643, 48210, 1),
(1, 1, 78, 800, 100, 644, 97280, 1),
(1, 1, 78, 800, 100, 645, 95820, 1),
(1, 1, 78, 800, 100, 646, 98470, 1),
(1, 1, 78, 1000, 100, 647, 123790, 1),
(1, 1, 79, 1500, 100, 648, 201410, 1),
(1, 1, 79, 1500, 100, 649, 199230, 1),
(1, 1, 79, 400, 100, 650, 48790, 1),
(1, 1, 79, 400, 100, 651, 49040, 1),
(1, 1, 79, 400, 100, 652, 48560, 1),
(1, 1, 79, 800, 100, 653, 98810, 1),
(1, 1, 79, 800, 100, 654, 103100, 1),
(1, 1, 79, 800, 100, 655, 109450, 1),
(1, 1, 79, 1000, 100, 656, 124940, 1),
(1, 1, 80, 1500, 100, 657, 198980, 1),
(1, 1, 80, 1500, 100, 658, 196450, 1),
(1, 1, 80, 400, 100, 659, 48360, 1),
(1, 1, 80, 400, 100, 660, 48760, 1),
(1, 1, 80, 400, 100, 661, 48500, 1),
(1, 1, 80, 800, 100, 662, 3355550, 1),
(1, 1, 80, 800, 100, 663, 96250, 1),
(1, 1, 80, 800, 100, 664, 111050, 1),
(1, 1, 80, 1000, 100, 665, 124580, 1),
(1, 1, 81, 1500, 100, 666, 202770, 1),
(1, 1, 81, 1500, 100, 667, 201060, 1),
(1, 1, 81, 400, 100, 668, 51770, 1),
(1, 1, 81, 400, 100, 669, 52750, 1),
(1, 1, 81, 400, 100, 670, 51520, 1),
(1, 1, 81, 800, 100, 671, 104080, 1),
(1, 1, 81, 800, 100, 672, 104690, 1),
(1, 1, 81, 800, 100, 673, 109700, 1),
(1, 1, 81, 1000, 100, 674, 132510, 1),
(1, 1, 82, 1500, 100, 675, 219250, 1),
(1, 1, 82, 1500, 100, 676, 203730, 1),
(1, 1, 82, 400, 100, 677, 49270, 1),
(1, 1, 82, 400, 100, 678, 50640, 1),
(1, 1, 82, 400, 100, 679, 51910, 1),
(1, 1, 82, 800, 100, 680, 99520, 1),
(1, 1, 82, 800, 100, 681, 100190, 1),
(1, 1, 82, 800, 100, 682, 100940, 1),
(1, 1, 82, 1000, 100, 683, 126680, 1),
(1, 1, 83, 1500, 100, 684, 210560, 1),
(1, 1, 83, 1500, 100, 685, 213290, 1),
(1, 1, 83, 400, 100, 686, 49590, 1),
(1, 1, 83, 400, 100, 687, 50410, 1),
(1, 1, 83, 400, 100, 688, 51820, 1),
(1, 1, 83, 800, 100, 689, 3355550, 1),
(1, 1, 83, 800, 100, 690, 103190, 1),
(1, 1, 83, 800, 100, 691, 105130, 1),
(1, 1, 83, 1000, 100, 692, 129970, 1),
(1, 1, 84, 1500, 100, 693, 202030, 1),
(1, 1, 84, 1500, 100, 694, 200300, 1),
(1, 1, 84, 400, 100, 695, 51720, 1),
(1, 1, 84, 400, 100, 696, 52290, 1),
(1, 1, 84, 400, 100, 697, 52500, 1),
(1, 1, 84, 800, 100, 698, 105730, 1),
(1, 1, 84, 800, 100, 699, 118370, 1),
(1, 1, 84, 800, 100, 700, 114070, 1),
(1, 1, 84, 1000, 100, 701, 134590, 1),
(1, 1, 85, 1500, 100, 702, 198990, 1),
(1, 1, 85, 1500, 100, 703, 205020, 1),
(1, 1, 85, 400, 100, 704, 52210, 1),
(1, 1, 85, 400, 100, 705, 53290, 1),
(1, 1, 85, 400, 100, 706, 51270, 1),
(1, 1, 85, 800, 100, 707, 104490, 1),
(1, 1, 85, 800, 100, 708, 100430, 1),
(1, 1, 85, 800, 100, 709, 118820, 1),
(1, 1, 85, 1000, 100, 710, 134890, 1),
(1, 1, 86, 1500, 100, 711, 216710, 1),
(1, 1, 86, 1500, 100, 712, 217980, 1),
(1, 1, 86, 400, 100, 713, 0, 1),
(1, 1, 86, 400, 100, 714, 0, 1),
(1, 1, 86, 800, 100, 715, 111320, 1),
(1, 1, 86, 800, 100, 716, 111740, 1),
(1, 1, 86, 800, 100, 717, 112870, 1),
(1, 1, 86, 1000, 100, 718, 144060, 1),
(1, 1, 87, 1500, 100, 719, 255210, 1),
(1, 1, 87, 1500, 100, 720, 248320, 1),
(1, 1, 87, 400, 100, 721, 55940, 1),
(1, 1, 87, 400, 100, 722, 56920, 1),
(1, 1, 87, 400, 100, 723, 55520, 1),
(1, 1, 87, 800, 100, 724, 3355550, 1),
(1, 1, 87, 800, 100, 725, 119710, 1),
(1, 1, 87, 800, 100, 726, 118540, 1),
(1, 1, 87, 1000, 100, 727, 146550, 1);

-- --------------------------------------------------------

--
-- Table structure for table `skaters`
--

CREATE TABLE `skaters` (
  `skaterID` int(11) NOT NULL,
  `age` varchar(128) NOT NULL,
  `gender` varchar(128) NOT NULL,
  `fName` varchar(128) NOT NULL,
  `lName` varchar(128) NOT NULL,
  `club` varchar(128) NOT NULL,
  `dob` date DEFAULT NULL,
  `season` int(11) NOT NULL,
  `checkInfo` tinyint(1) DEFAULT NULL
) ENGINE=InnoDB DEFAULT CHARSET=utf8mb4 COLLATE=utf8mb4_general_ci;

--
-- Dumping data for table `skaters`
--

INSERT INTO `skaters` (`skaterID`, `age`, `gender`, `fName`, `lName`, `club`, `dob`, `season`, `checkInfo`) VALUES
(1, '9', 'F', 'Olivia', 'CHO', 'Calgary Speed Skating Association', NULL, 2025, 1),
(2, '9', 'F', 'Wynn', 'KONDRACKI', 'Calgary Speed Skating Association', NULL, 2025, 1),
(3, '10', 'F', 'Noelle', 'DABADIE', 'Calgary Speed Skating Association', NULL, 2025, 1),
(4, '10', 'M', 'Samuel', 'CAMPBELL', 'Calgary Grizzlies Speed Skating Club', NULL, 2025, 1),
(5, '10', 'M', 'Lucas', 'BROWN', 'Calgary Speed Skating Association', NULL, 2025, 1),
(6, '9', 'M', 'Fischer', 'ANDERSON', 'Calgary Speed Skating Association', NULL, 2025, 1),
(7, '10', 'F', 'Emilie', 'CAMIRE', 'Banff/Canmore', NULL, 2025, 1),
(8, '9', 'F', 'Grace', 'WANG', 'Calgary Speed Skating Association', NULL, 2025, 1),
(9, '10', 'M', 'Grayson', 'FOX', 'Red Deer', NULL, 2025, 1),
(10, '10', 'M', 'David', 'MONSON', 'Calgary Grizzlies Speed Skating Club', NULL, 2025, 1),
(11, '10', 'M', 'Silhoé', 'LAROCQUE', 'Calgary Grizzlies Speed Skating Club', NULL, 2025, 1),
(12, '10', 'F', 'Lianne', 'CAMIRE', 'Banff/Canmore', NULL, 2025, 1),
(13, '9', 'M', 'Maël', 'DUGGAN', 'Calgary Grizzlies Speed Skating Club', NULL, 2025, 1),
(14, '9', 'M', 'Lucas', 'WAN', 'Calgary Speed Skating Association', NULL, 2025, 1),
(15, '10', 'M', 'Aiden', 'SAMBORSKI', 'Calgary Speed Skating Association', NULL, 2025, 1),
(16, '9', 'M', 'Benjamin', 'JESNEY', 'Calgary Grizzlies Speed Skating Club', NULL, 2025, 1),
(17, '9-10', 'Mixte', 'Kora', 'SAUER', 'Medicine Hat', NULL, 2025, 1),
(18, '9', 'M', 'Nicholas', 'GU', 'Calgary Speed Skating Association', NULL, 2025, 1),
(19, '9', 'F', 'Caelyn', 'WOLFE', 'Lethbridge', NULL, 2025, 1),
(20, '8', 'M', 'Maxwell', 'CHOMIN', 'Calgary Speed Skating Association', NULL, 2025, 1),
(21, '8', 'M', 'Yang', 'BAI', 'Banff/Canmore', NULL, 2025, 1),
(22, '9', 'F', 'Elizabeth', 'YUNG', 'Calgary Speed Skating Association', NULL, 2025, 1),
(23, '8', 'M', 'Bennett', 'BROVALD', 'Calgary Speed Skating Association', NULL, 2025, 1),
(24, '6', 'M', 'Benjamin', 'KIM', 'Calgary Speed Skating Association', NULL, 2025, 1),
(25, '10', 'F', 'Fiona', 'HAN', 'Calgary Speed Skating Association', NULL, 2025, 1),
(26, '7', 'F', 'Rose', 'WARSYLEWICZ', 'Calgary Grizzlies Speed Skating Club', NULL, 2025, 1),
(27, '6', 'M', 'Lucas', 'KIM', 'Calgary Speed Skating Association', NULL, 2025, 1),
(28, '9-10', 'Mixte', 'Eden', 'DELORME', 'Medicine Hat', NULL, 2025, 1),
(29, '10', 'M', 'Brady', 'SHI', 'Calgary Speed Skating Association', NULL, 2025, 1),
(30, '7', 'M', 'Bryan', 'QIU', 'Calgary Speed Skating Association', NULL, 2025, 1),
(31, '9', 'M', 'Henry', 'ADEMA', 'Lethbridge', NULL, 2025, 1),
(32, '10', 'F', 'Helene', 'FORSYTH', 'Lethbridge', NULL, 2025, 1),
(33, '7', 'M', 'Brayden', 'ABUDI-LECOULTRE', 'Lethbridge', NULL, 2025, 1),
(34, '9', 'M', 'Ellis', 'JACKSON', 'Calgary Speed Skating Association', NULL, 2025, 1),
(35, 'Active Start', 'M', 'Caleb', 'YUNG', 'Calgary Speed Skating Association', NULL, 2025, 1),
(36, '7', 'M', 'Reid', 'ADEMA', 'Lethbridge', NULL, 2025, 1),
(37, '7', 'F', 'Scarlett', 'FARAND', 'Red Deer', NULL, 2025, 1),
(38, '8', 'M', 'Jaxen', 'BRANDT', 'Lethbridge', NULL, 2025, 1),
(39, '9', 'M', 'Lochlan', 'RAVLICH', 'Calgary Speed Skating Association', NULL, 2025, 1),
(40, '9-10', 'M', 'Theodor', 'PIAYDA', 'Medicine Hat', NULL, 2025, 1),
(41, '9-10', 'M', 'Mason', 'KERSLAKE', 'Medicine Hat', NULL, 2025, 1),
(42, '6-8', 'M', 'Jonah', 'KERSLAKE', 'Medicine Hat', NULL, 2025, 1),
(43, '6-8', 'Mixte', 'Leni', 'ROEDER', 'Lethbridge', NULL, 2025, 1),
(44, 'Active Start', 'F', 'Saoirse', 'DUGGAN', 'Calgary Grizzlies Speed Skating Club', NULL, 2025, 1),
(45, '14', 'F', 'Zosia', 'ADELMAN', 'Lethbridge', NULL, 2025, 1),
(46, '14', 'Mixte', 'Evyn', 'CARR', 'Saskatoon', NULL, 2025, 1),
(47, '14', 'M', 'Ryker', 'OLSEN', 'Lethbridge', NULL, 2025, 1),
(48, '16', 'M', 'Shah Joaquin', 'KHAN', 'Calgary Speed Skating Association', NULL, 2025, 1),
(49, '14', 'M', 'Toby', 'POWELL', 'Calgary Speed Skating Association', NULL, 2025, 1),
(50, '14', 'M', 'Connor', 'CRAIG', 'Calgary Speed Skating Association', NULL, 2025, 1),
(51, '14', 'F', 'Shahana', 'JIWA', 'Calgary Speed Skating Association', NULL, 2025, 1),
(52, '12', 'M', 'Nicholas', 'WANG', 'Calgary Speed Skating Association', NULL, 2025, 1),
(53, '13', 'F', 'Felicia', 'ROBERT', 'Calgary Speed Skating Association', NULL, 2025, 1),
(54, '12', 'M', 'Grayson', 'BEAGAN', 'Calgary Speed Skating Association', NULL, 2025, 1),
(55, '12', 'F', 'Hope', 'ALLEN', 'Calgary Speed Skating Association', NULL, 2025, 1),
(56, '13', 'F', 'Claire', 'PEAKE', 'Lethbridge', NULL, 2025, 1),
(57, '13', 'M', 'Luke', 'LU', 'Calgary Speed Skating Association', NULL, 2025, 1),
(58, '13', 'M', 'Matthew', 'WILSON', 'Calgary Speed Skating Association', NULL, 2025, 1),
(59, '13', 'F', 'Mollie', 'POULIN', 'Calgary Grizzlies Speed Skating Club', NULL, 2025, 1),
(60, '12', 'F', 'Dionne', 'BI', 'Edmonton', NULL, 2025, 1),
(61, '11', 'M', 'Jayden', 'CHO', 'Calgary Speed Skating Association', NULL, 2025, 1),
(62, '12', 'M', 'Cameron', 'DUNCAN', 'Banff/Canmore', NULL, 2025, 1),
(63, '11', 'M', 'Joshua', 'YUNG', 'Calgary Speed Skating Association', NULL, 2025, 1),
(64, '12', 'F', 'Nina', 'IRELAND', 'Calgary Grizzlies Speed Skating Club', NULL, 2025, 1),
(65, '13', 'F', 'Amaranth', 'WANG', 'Calgary Grizzlies Speed Skating Club', NULL, 2025, 1),
(66, '11', 'M', 'Aiden', 'CHO', 'Calgary Speed Skating Association', NULL, 2025, 1),
(67, '12', 'F', 'Sévana', 'LAROCQUE', 'Calgary Grizzlies Speed Skating Club', NULL, 2025, 1),
(68, '12', 'M', 'Evan', 'FOX', 'Banff/Canmore', NULL, 2025, 1),
(69, '13', 'F', 'Poppy', 'WHEELHOUSE', 'Banff/Canmore', NULL, 2025, 1),
(70, '13', 'F', 'Madison', 'FOX', 'Banff/Canmore', NULL, 2025, 1),
(71, '13', 'M', 'Axton', 'PARDY', 'Edmonton', NULL, 2025, 1),
(72, '12', 'F', 'Deah', 'SAMBORSKI', 'Calgary Speed Skating Association', NULL, 2025, 1),
(73, '13', 'M', 'Santiago', 'KHAN', 'Calgary Speed Skating Association', NULL, 2025, 1),
(74, '12', 'M', 'Lautaro', 'PINO', 'Calgary Speed Skating Association', NULL, 2025, 1),
(75, '12', 'M', 'Parker', 'BUDYK', 'Calgary Speed Skating Association', NULL, 2025, 1),
(76, '12', 'M', 'Daxton', 'PUESCHEL', 'Edmonton', NULL, 2025, 1),
(77, '11', 'M', 'Samuel', 'JESNEY', 'Calgary Grizzlies Speed Skating Club', NULL, 2025, 1),
(78, '13', 'F', 'Yael', 'VAN DER MERWE', 'Calgary Speed Skating Association', NULL, 2025, 1),
(79, '11', 'M', 'Joshua', 'CHAN', 'Calgary Grizzlies Speed Skating Club', NULL, 2025, 1),
(80, '11', 'M', 'James', 'MORAN', 'Calgary Speed Skating Association', NULL, 2025, 1),
(81, '12', 'M', 'Maddex', 'CHOMIN', 'Calgary Speed Skating Association', NULL, 2025, 1),
(82, '12', 'F', 'Alexa', 'JESSEE', 'Calgary Speed Skating Association', NULL, 2025, 1),
(83, '11', 'F', 'Morgan', 'ADEMA', 'Lethbridge', NULL, 2025, 1),
(84, '13', 'M', 'Dean', 'LAVOIE', 'Calgary Speed Skating Association', NULL, 2025, 1),
(85, '12', 'F', 'Cate', 'JACKSON', 'Calgary Speed Skating Association', NULL, 2025, 1),
(86, '11', 'M', 'Theo', 'HAZENDONK', 'Lethbridge', NULL, 2025, 1),
(87, '12', 'F', 'Matilda', 'KOFMAN', 'Calgary Speed Skating Association', NULL, 2025, 1);

--
-- Indexes for dumped tables
--

--
-- Indexes for table `admin_table`
--
ALTER TABLE `admin_table`
  ADD PRIMARY KEY (`adminID`);

--
-- Indexes for table `comps`
--
ALTER TABLE `comps`
  ADD PRIMARY KEY (`compID`);

--
-- Indexes for table `dates`
--
ALTER TABLE `dates`
  ADD PRIMARY KEY (`compID`,`dayID`);

--
-- Indexes for table `points`
--
ALTER TABLE `points`
  ADD PRIMARY KEY (`pointIndex`);

--
-- Indexes for table `results`
--
ALTER TABLE `results`
  ADD PRIMARY KEY (`raceID`);

--
-- Indexes for table `skaters`
--
ALTER TABLE `skaters`
  ADD PRIMARY KEY (`skaterID`,`season`);

--
-- AUTO_INCREMENT for dumped tables
--

--
-- AUTO_INCREMENT for table `admin_table`
--
ALTER TABLE `admin_table`
  MODIFY `adminID` int(11) NOT NULL AUTO_INCREMENT, AUTO_INCREMENT=3;

--
-- AUTO_INCREMENT for table `comps`
--
ALTER TABLE `comps`
  MODIFY `compID` int(11) NOT NULL AUTO_INCREMENT, AUTO_INCREMENT=2;

--
-- AUTO_INCREMENT for table `points`
--
ALTER TABLE `points`
  MODIFY `pointIndex` int(11) NOT NULL AUTO_INCREMENT, AUTO_INCREMENT=88;

--
-- AUTO_INCREMENT for table `results`
--
ALTER TABLE `results`
  MODIFY `raceID` int(11) NOT NULL AUTO_INCREMENT, AUTO_INCREMENT=728;

--
-- AUTO_INCREMENT for table `skaters`
--
ALTER TABLE `skaters`
  MODIFY `skaterID` int(11) NOT NULL AUTO_INCREMENT, AUTO_INCREMENT=88;
COMMIT;

/*!40101 SET CHARACTER_SET_CLIENT=@OLD_CHARACTER_SET_CLIENT */;
/*!40101 SET CHARACTER_SET_RESULTS=@OLD_CHARACTER_SET_RESULTS */;
/*!40101 SET COLLATION_CONNECTION=@OLD_COLLATION_CONNECTION */;
